model,fold,train_cutoff,test_start,test_end,test_cases,wape,mae,rmse,smape,bias,total_financial_loss_usd,spoilage_loss_usd,stockout_loss_usd,loss_per_demand_case_usd,total_overstock_cases,total_understock_cases
Naive Seasonal (t-7),1,2024-01-07,2024-01-08,2024-02-04,233477,0.2844134540018931,79.05238095238096,116.21154765996282,28.21880569885843,0.011127434393966,1404257.815,874886.0,529371.815,6.014544537577577,34501.0,31903.0
Naive Seasonal (t-7),2,2024-02-04,2024-02-05,2024-03-03,243217,0.30453052212633164,88.175,128.58937507023035,30.060743030263477,-0.003589387255002734,1570273.7600000002,933121.4000000001,637152.36,6.4562664616371395,36597.0,37470.0
Naive Seasonal (t-7),3,2024-03-03,2024-03-04,2024-03-31,245596,0.2602851837977817,76.10119047619048,111.16898869567468,26.221697452723475,-0.022162413068616754,1433167.6725000003,831078.4000000001,602089.2725000001,5.835468299565141,29241.0,34684.0
Moving Average (7d),1,2024-01-07,2024-01-08,2024-02-04,233477,0.3289770359760123,91.43877551020407,124.06510524775311,34.379548803287705,0.0018245908590567824,1653152.9771428572,1011127.2857142857,642025.6914285715,7.080581715298968,38617.28571428571,38191.28571428571
Moving Average (7d),2,2024-02-04,2024-02-05,2024-03-03,243217,0.3358317880740244,97.23809523809524,131.78481665531365,34.849148041997914,-0.0015647402466580417,1749458.9457142858,1039145.4000000001,710313.5457142857,7.192996154521624,40649.71428571429,41030.28571428572
Moving Average (7d),3,2024-03-03,2024-03-04,2024-03-31,245596,0.32927188204554286,96.27125850340137,131.3340299752629,34.137692562783634,-0.011201322497109072,1797255.5300000003,1064857.942857143,732397.5871428571,7.317934860502615,39058.428571428565,41809.428571428565
LightGBM Regressor,1,2024-01-07,2024-01-08,2024-02-04,233477,0.2019681055328331,56.13679449463009,82.7130866325933,20.750637138935858,-0.024309830908508755,1024280.946152235,564851.5906102792,459429.3555419558,4.3870742991910765,20739.56049223169,26415.34688325759
LightGBM Regressor,2,2024-02-04,2024-02-05,2024-03-03,243217,0.20022019495882065,57.97256566345177,86.78203057647757,20.36689687499975,-0.024904781130650363,1075683.9527177657,590445.3764308038,485238.576286962,4.4227334138557985,21319.844502523047,27377.11065477644
LightGBM Regressor,3,2024-03-03,2024-03-04,2024-03-31,245596,0.1938770700216986,56.685039153629866,83.28711464573449,19.911051709527612,-0.03821860949150813,1043502.0715558014,514334.7690706484,529167.3024851531,4.248856135913457,19114.54763618633,28500.88525286276
XGBoost Regressor,1,2024-01-07,2024-01-08,2024-02-04,233477,0.2024784846819636,56.27865377153669,83.20928725512262,20.603607160466797,-0.026008047600257968,1030353.4635485078,572616.0322509767,457737.4312975311,4.413083359596482,20600.894119262695,26673.175048828125
XGBoost Regressor,2,2024-02-04,2024-02-05,2024-03-03,243217,0.2026087937456421,58.664170224326,88.00312862797355,20.475263227471395,-0.02881180598053276,1080784.6934288025,584215.3806015014,496569.31282730104,4.44370538831086,21135.1909866333,28142.712001800537
XGBoost Regressor,3,2024-03-03,2024-03-04,2024-03-31,245596,0.19542501253845557,57.137620689755394,84.13071218247651,19.94568235297672,-0.03484642658057505,1051831.4970420075,530907.0209388733,520924.47610313416,4.282771287162688,19718.72919845581,28276.87218093872
