feature,importance
day_of_year,550
lag_21,503
lag_28,463
lag_14,455
lag_7,450
day_of_week,446
demand_trend_ratio,402
lag_2,370
lag_3,357
lag_1,347
demand_momentum_7d,301
day_of_month,276
rolling_mean_7,275
relative_price,269
rolling_mean_28,235
demand_volatility_7d,231
rolling_min_28,212
rolling_min_7,202
rolling_std_7,196
rolling_min_14,194
rolling_std_14,187
rolling_std_28,187
rolling_mean_14,181
days_to_holiday,166
sin_dow,145
actual_unit_price,132
rolling_max_7,130
rolling_max_14,128
week_of_year,125
cos_month,120
rolling_max_28,106
dc_id_encoded,74
sku_id_encoded,70
shelf_life_days,64
discount_pct,47
category_encoded,45
sin_month,44
cos_dow,43
month,40
unit_cost,29
is_holiday,25
year,24
is_holiday_week,9
lead_time_days,8
is_promo,6
is_weekend,4
is_weekend_prep,2
quarter,1
base_unit_price,1
is_monday_restock,0
